[{"field":"oncology-treatment-summary/behandlingsoppsummering@Behandlingsoppsummering/hovedbehandling@Hovedbehandling/invasiv_prosedyre@Invasiv prosedyre/intervensjonssammendrag/intervensjonstype","conditions":[{"operator":"empty","actions":[{"action":"clear","target":"oncology-treatment-summary/behandlingsoppsummering@Behandlingsoppsummering/hovedbehandling@Hovedbehandling/invasiv_prosedyre@Invasiv prosedyre/intervensjonssammendrag/intervensjonsnavn"},{"action":"clear","target":"oncology-treatment-summary/behandlingsoppsummering@Behandlingsoppsummering/hovedbehandling@Hovedbehandling/invasiv_prosedyre@Invasiv prosedyre/intervensjonssammendrag/terapeutisk_rolle"}]},{"operator":"notempty","actions":[{"action":"set","target":"oncology-treatment-summary/behandlingsoppsummering@Behandlingsoppsummering/hovedbehandling@Hovedbehandling/invasiv_prosedyre@Invasiv prosedyre/intervensjonssammendrag/intervensjonsnavn","value":{"code":"387713003"}},{"action":"set","target":"oncology-treatment-summary/behandlingsoppsummering@Behandlingsoppsummering/hovedbehandling@Hovedbehandling/invasiv_prosedyre@Invasiv prosedyre/intervensjonssammendrag/terapeutisk_rolle","value":{"code":"1"}}]}]},{"field":"oncology-treatment-summary/behandlingsoppsummering@Behandlingsoppsummering/hovedbehandling@Hovedbehandling/medikamentell@Medikamentell/medikamentell_behandling@Medikamentell behandling/intervensjonssammendrag/intervensjonstype","conditions":[{"operator":"empty","actions":[{"action":"clear","target":"oncology-treatment-summary/behandlingsoppsummering@Behandlingsoppsummering/hovedbehandling@Hovedbehandling/medikamentell@Medikamentell/medikamentell_behandling@Medikamentell behandling/intervensjonssammendrag/intervensjonsnavn"},{"action":"clear","target":"oncology-treatment-summary/behandlingsoppsummering@Behandlingsoppsummering/hovedbehandling@Hovedbehandling/medikamentell@Medikamentell/medikamentell_behandling@Medikamentell behandling/intervensjonssammendrag/terapeutisk_rolle"}]},{"operator":"notempty","actions":[{"action":"set","target":"oncology-treatment-summary/behandlingsoppsummering@Behandlingsoppsummering/hovedbehandling@Hovedbehandling/medikamentell@Medikamentell/medikamentell_behandling@Medikamentell behandling/intervensjonssammendrag/intervensjonsnavn","value":{"code":"416608005"}},{"action":"set","target":"oncology-treatment-summary/behandlingsoppsummering@Behandlingsoppsummering/hovedbehandling@Hovedbehandling/medikamentell@Medikamentell/medikamentell_behandling@Medikamentell behandling/intervensjonssammendrag/terapeutisk_rolle","value":{"code":"1"}}]}]},{"field":"oncology-treatment-summary/behandlingsoppsummering@Behandlingsoppsummering/hovedbehandling@Hovedbehandling/stråleterapi@Stråleterapi/intervensjonssammendrag/intervensjonstype","conditions":[{"operator":"empty","actions":[{"action":"clear","target":"oncology-treatment-summary/behandlingsoppsummering@Behandlingsoppsummering/hovedbehandling@Hovedbehandling/stråleterapi@Stråleterapi/intervensjonssammendrag/intervensjonsnavn"},{"action":"clear","target":"oncology-treatment-summary/behandlingsoppsummering@Behandlingsoppsummering/tilleggsbehandling@Tilleggsbehandling/stråleterapi@Stråleterapi/intervensjonssammendrag/terapeutisk_rolle"}]},{"operator":"notempty","actions":[{"action":"set","target":"oncology-treatment-summary/behandlingsoppsummering@Behandlingsoppsummering/hovedbehandling@Hovedbehandling/stråleterapi@Stråleterapi/intervensjonssammendrag/intervensjonsnavn","value":{"code":"1287742003"}},{"action":"set","target":"oncology-treatment-summary/behandlingsoppsummering@Behandlingsoppsummering/hovedbehandling@Hovedbehandling/invasiv_prosedyre@Invasiv prosedyre/intervensjonssammendrag/terapeutisk_rolle","value":{"code":"1"}}]}]},{"field":"oncology-treatment-summary/behandlingsoppsummering@Behandlingsoppsummering/tilleggsbehandling@Tilleggsbehandling/medikamentell@Medikamentell/medikamentell_behandling@Medikamentell behandling/intervensjonssammendrag/intervensjonstype","conditions":[{"operator":"empty","actions":[{"action":"clear","target":"oncology-treatment-summary/behandlingsoppsummering@Behandlingsoppsummering/tilleggsbehandling@Tilleggsbehandling/medikamentell@Medikamentell/medikamentell_behandling@Medikamentell behandling/intervensjonssammendrag/intervensjonsnavn"}]},{"operator":"notempty","actions":[{"action":"set","target":"oncology-treatment-summary/behandlingsoppsummering@Behandlingsoppsummering/tilleggsbehandling@Tilleggsbehandling/medikamentell@Medikamentell/medikamentell_behandling@Medikamentell behandling/intervensjonssammendrag/intervensjonsnavn","value":{"code":"416608005"}}]}]},{"field":"oncology-treatment-summary/behandlingsoppsummering@Behandlingsoppsummering/tilleggsbehandling@Tilleggsbehandling/stråleterapi@Stråleterapi/intervensjonssammendrag/intervensjonstype","conditions":[{"operator":"empty","actions":[{"action":"clear","target":"oncology-treatment-summary/behandlingsoppsummering@Behandlingsoppsummering/tilleggsbehandling@Tilleggsbehandling/stråleterapi@Stråleterapi/intervensjonssammendrag/intervensjonsnavn"}]},{"operator":"notempty","actions":[{"action":"set","target":"oncology-treatment-summary/behandlingsoppsummering@Behandlingsoppsummering/tilleggsbehandling@Tilleggsbehandling/stråleterapi@Stråleterapi/intervensjonssammendrag/intervensjonsnavn","value":{"code":"1287742003"}}]}]}]