[{"col":1,"row":1,"width":12,"height":523,"children":[{"id":"oncology-treatment-summary","rows":[{"cols":[{"width":"100%","children":[{"id":"oncology-treatment-summary/context/rapport_id","rows":[]},{"id":"oncology-treatment-summary/context/status","rows":[]},{"id":"oncology-treatment-summary/context/template_versjonsinformasjon","rows":[{"cols":[{"width":"100%","children":[{"id":"oncology-treatment-summary/context/template_versjonsinformasjon/navn","rows":[]},{"id":"oncology-treatment-summary/context/template_versjonsinformasjon/semver","rows":[{"cols":[{"width":"100%","children":[{"id":"oncology-treatment-summary/context/template_versjonsinformasjon/semver/major","rows":[]},{"id":"oncology-treatment-summary/context/template_versjonsinformasjon/semver/minor","rows":[]},{"id":"oncology-treatment-summary/context/template_versjonsinformasjon/semver/patch","rows":[]}]}]}]}]}]}]},{"id":"oncology-treatment-summary/start_time","rows":[]},{"id":"oncology-treatment-summary/end_time","rows":[]},{"id":"oncology-treatment-summary/behandlingsoppsummering@Behandlingsoppsummering","rows":[{"cols":[{"width":"100%","children":[{"id":"oncology-treatment-summary/behandlingsoppsummering@Behandlingsoppsummering/overordnet_behandlingdetaljer@Overordnet behandlingdetaljer","rows":[{"cols":[{"width":"100%","children":[{"id":"oncology-treatment-summary/behandlingsoppsummering@Behandlingsoppsummering/overordnet_behandlingdetaljer@Overordnet behandlingdetaljer/intervensjonsnavn","rows":[]},{"id":"generic-field-57689","rows":[{"cols":[{"width":"30%","children":[{"id":"oncology-treatment-summary/behandlingsoppsummering@Behandlingsoppsummering/overordnet_behandlingdetaljer@Overordnet behandlingdetaljer/behandling_for_krefttype@Behandling for krefttype","rows":[]}]},{"width":"37%","children":[{"id":"oncology-treatment-summary/behandlingsoppsummering@Behandlingsoppsummering/overordnet_behandlingdetaljer@Overordnet behandlingdetaljer/klinisk_indikasjon","rows":[]}]},{"width":"33%","children":[{"id":"oncology-treatment-summary/behandlingsoppsummering@Behandlingsoppsummering/overordnet_behandlingdetaljer@Overordnet behandlingdetaljer/intensjon","rows":[]}]}]}]},{"id":"generic-field-30416","rows":[]},{"id":"oncology-treatment-summary/behandlingsoppsummering@Behandlingsoppsummering/overordnet_behandlingdetaljer@Overordnet behandlingdetaljer/overordnet_beskrivelse_av_intervensjonen@Overordnet beskrivelse av intervensjonen","rows":[]},{"id":"generic-field-33807","rows":[{"cols":[{"width":"75%","children":[{"id":"oncology-treatment-summary/behandlingsoppsummering@Behandlingsoppsummering/overordnet_behandlingdetaljer@Overordnet behandlingdetaljer/behandlingsprotokoll@Behandlingsprotokoll","rows":[]}]},{"width":"25%","children":[{"id":"oncology-treatment-summary/behandlingsoppsummering@Behandlingsoppsummering/overordnet_behandlingdetaljer@Overordnet behandlingdetaljer/id_til_behandlingssløyfen@ID til behandlingssløyfen","rows":[]}]}]}]},{"id":"generic-field-27624","rows":[{"cols":[{"width":"33%","children":[{"id":"oncology-treatment-summary/behandlingsoppsummering@Behandlingsoppsummering/overordnet_behandlingdetaljer@Overordnet behandlingdetaljer/behandlingslinje@Behandlingslinje","rows":[]}]},{"width":"33%","children":[{"id":"oncology-treatment-summary/behandlingsoppsummering@Behandlingsoppsummering/overordnet_behandlingdetaljer@Overordnet behandlingdetaljer/start_behandlingsforløp@Start behandlingsforløp","rows":[]}]},{"width":"34%","children":[{"id":"oncology-treatment-summary/behandlingsoppsummering@Behandlingsoppsummering/overordnet_behandlingdetaljer@Overordnet behandlingdetaljer/stopp_behandlingsforløp@Stopp behandlingsforløp","rows":[]}]}]}]},{"id":"oncology-treatment-summary/behandlingsoppsummering@Behandlingsoppsummering/overordnet_behandlingdetaljer@Overordnet behandlingdetaljer/status_for_behandlingsforløp@Status for behandlingsforløp","rows":[]},{"id":"oncology-treatment-summary/behandlingsoppsummering@Behandlingsoppsummering/overordnet_behandlingdetaljer@Overordnet behandlingdetaljer/kommentar_på_status@Kommentar på status","rows":[]},{"id":"oncology-treatment-summary/behandlingsoppsummering@Behandlingsoppsummering/overordnet_behandlingdetaljer@Overordnet behandlingdetaljer/resultat_av_behandling@Resultat av behandling","rows":[]},{"id":"oncology-treatment-summary/behandlingsoppsummering@Behandlingsoppsummering/overordnet_behandlingdetaljer@Overordnet behandlingdetaljer/kommentar_til_resultat@Kommentar til resultat","rows":[]},{"id":"oncology-treatment-summary/behandlingsoppsummering@Behandlingsoppsummering/overordnet_behandlingdetaljer@Overordnet behandlingdetaljer/sist_oppdatert","rows":[]}]}]}]},{"id":"oncology-treatment-summary/behandlingsoppsummering@Behandlingsoppsummering/hovedbehandling@Hovedbehandling","rows":[{"cols":[{"width":"100%","children":[{"id":"oncology-treatment-summary/behandlingsoppsummering@Behandlingsoppsummering/hovedbehandling@Hovedbehandling/invasiv_prosedyre@Invasiv prosedyre","rows":[{"cols":[{"width":"100%","children":[{"id":"oncology-treatment-summary/behandlingsoppsummering@Behandlingsoppsummering/hovedbehandling@Hovedbehandling/invasiv_prosedyre@Invasiv prosedyre/intervensjonssammendrag","rows":[{"cols":[{"width":"100%","children":[{"id":"oncology-treatment-summary/behandlingsoppsummering@Behandlingsoppsummering/hovedbehandling@Hovedbehandling/invasiv_prosedyre@Invasiv prosedyre/intervensjonssammendrag/intervensjonsnavn","rows":[]},{"id":"generic-field-27555","rows":[{"cols":[{"width":"25%","children":[{"id":"oncology-treatment-summary/behandlingsoppsummering@Behandlingsoppsummering/hovedbehandling@Hovedbehandling/invasiv_prosedyre@Invasiv prosedyre/intervensjonssammendrag/behandling_for_krefttype@Behandling for krefttype","rows":[]}]},{"width":"50%","children":[{"id":"oncology-treatment-summary/behandlingsoppsummering@Behandlingsoppsummering/hovedbehandling@Hovedbehandling/invasiv_prosedyre@Invasiv prosedyre/intervensjonssammendrag/intervensjonstype","rows":[]}]},{"width":"25%","children":[{"id":"oncology-treatment-summary/behandlingsoppsummering@Behandlingsoppsummering/hovedbehandling@Hovedbehandling/invasiv_prosedyre@Invasiv prosedyre/intervensjonssammendrag/intervensjonsdato@Intervensjonsdato","rows":[]}]}]}]},{"id":"oncology-treatment-summary/behandlingsoppsummering@Behandlingsoppsummering/hovedbehandling@Hovedbehandling/invasiv_prosedyre@Invasiv prosedyre/intervensjonssammendrag/beskrivelse","rows":[]},{"id":"oncology-treatment-summary/behandlingsoppsummering@Behandlingsoppsummering/hovedbehandling@Hovedbehandling/invasiv_prosedyre@Invasiv prosedyre/intervensjonssammendrag/protokollnavn@Protokollnavn","rows":[]},{"id":"oncology-treatment-summary/behandlingsoppsummering@Behandlingsoppsummering/hovedbehandling@Hovedbehandling/invasiv_prosedyre@Invasiv prosedyre/intervensjonssammendrag/indikasjon_for_behandling_behandlingsgrunnlag@??Indikasjon for behandling/behandlingsgrunnlag","rows":[]},{"id":"oncology-treatment-summary/behandlingsoppsummering@Behandlingsoppsummering/hovedbehandling@Hovedbehandling/invasiv_prosedyre@Invasiv prosedyre/intervensjonssammendrag/terapeutisk_rolle","rows":[]},{"id":"oncology-treatment-summary/behandlingsoppsummering@Behandlingsoppsummering/hovedbehandling@Hovedbehandling/invasiv_prosedyre@Invasiv prosedyre/intervensjonssammendrag/*terapeutisk_resultat@??*Terapeutisk resultat","rows":[]},{"id":"oncology-treatment-summary/behandlingsoppsummering@Behandlingsoppsummering/hovedbehandling@Hovedbehandling/invasiv_prosedyre@Invasiv prosedyre/intervensjonssammendrag/anatomisk_lokalisering","rows":[{"cols":[{"width":"100%","children":[{"id":"oncology-treatment-summary/behandlingsoppsummering@Behandlingsoppsummering/hovedbehandling@Hovedbehandling/invasiv_prosedyre@Invasiv prosedyre/intervensjonssammendrag/anatomisk_lokalisering/navn_på_kroppssted","rows":[]},{"id":"oncology-treatment-summary/behandlingsoppsummering@Behandlingsoppsummering/hovedbehandling@Hovedbehandling/invasiv_prosedyre@Invasiv prosedyre/intervensjonssammendrag/anatomisk_lokalisering/spesifikt_sted","rows":[]},{"id":"oncology-treatment-summary/behandlingsoppsummering@Behandlingsoppsummering/hovedbehandling@Hovedbehandling/invasiv_prosedyre@Invasiv prosedyre/intervensjonssammendrag/anatomisk_lokalisering/kroppsside","rows":[]}]}]}]},{"id":"oncology-treatment-summary/behandlingsoppsummering@Behandlingsoppsummering/hovedbehandling@Hovedbehandling/invasiv_prosedyre@Invasiv prosedyre/intervensjonssammendrag/kommentar","rows":[]},{"id":"oncology-treatment-summary/behandlingsoppsummering@Behandlingsoppsummering/hovedbehandling@Hovedbehandling/invasiv_prosedyre@Invasiv prosedyre/intervensjonssammendrag/sist_oppdatert","rows":[]}]}]}]}]}]}]},{"id":"oncology-treatment-summary/behandlingsoppsummering@Behandlingsoppsummering/hovedbehandling@Hovedbehandling/medikamentell@Medikamentell","rows":[{"cols":[{"width":"100%","children":[{"id":"oncology-treatment-summary/behandlingsoppsummering@Behandlingsoppsummering/hovedbehandling@Hovedbehandling/medikamentell@Medikamentell/medikamentell_behandling@Medikamentell behandling","rows":[{"cols":[{"width":"100%","children":[{"id":"oncology-treatment-summary/behandlingsoppsummering@Behandlingsoppsummering/hovedbehandling@Hovedbehandling/medikamentell@Medikamentell/medikamentell_behandling@Medikamentell behandling/intervensjonssammendrag","rows":[{"cols":[{"width":"100%","children":[{"id":"oncology-treatment-summary/behandlingsoppsummering@Behandlingsoppsummering/hovedbehandling@Hovedbehandling/medikamentell@Medikamentell/medikamentell_behandling@Medikamentell behandling/intervensjonssammendrag/intervensjonsnavn","rows":[]},{"id":"oncology-treatment-summary/behandlingsoppsummering@Behandlingsoppsummering/hovedbehandling@Hovedbehandling/medikamentell@Medikamentell/medikamentell_behandling@Medikamentell behandling/intervensjonssammendrag/behandling_for_krefttype@Behandling for krefttype","rows":[]},{"id":"oncology-treatment-summary/behandlingsoppsummering@Behandlingsoppsummering/hovedbehandling@Hovedbehandling/medikamentell@Medikamentell/medikamentell_behandling@Medikamentell behandling/intervensjonssammendrag/intervensjonstype","rows":[]},{"id":"oncology-treatment-summary/behandlingsoppsummering@Behandlingsoppsummering/hovedbehandling@Hovedbehandling/medikamentell@Medikamentell/medikamentell_behandling@Medikamentell behandling/intervensjonssammendrag/beskrivelse","rows":[]},{"id":"oncology-treatment-summary/behandlingsoppsummering@Behandlingsoppsummering/hovedbehandling@Hovedbehandling/medikamentell@Medikamentell/medikamentell_behandling@Medikamentell behandling/intervensjonssammendrag/protokollnavn@Protokollnavn","rows":[]},{"id":"oncology-treatment-summary/behandlingsoppsummering@Behandlingsoppsummering/hovedbehandling@Hovedbehandling/medikamentell@Medikamentell/medikamentell_behandling@Medikamentell behandling/intervensjonssammendrag/klinisk_indikasjon@???Klinisk indikasjon","rows":[]},{"id":"oncology-treatment-summary/behandlingsoppsummering@Behandlingsoppsummering/hovedbehandling@Hovedbehandling/medikamentell@Medikamentell/medikamentell_behandling@Medikamentell behandling/intervensjonssammendrag/terapeutisk_rolle","rows":[]},{"id":"oncology-treatment-summary/behandlingsoppsummering@Behandlingsoppsummering/hovedbehandling@Hovedbehandling/medikamentell@Medikamentell/medikamentell_behandling@Medikamentell behandling/intervensjonssammendrag/startdato","rows":[]},{"id":"oncology-treatment-summary/behandlingsoppsummering@Behandlingsoppsummering/hovedbehandling@Hovedbehandling/medikamentell@Medikamentell/medikamentell_behandling@Medikamentell behandling/intervensjonssammendrag/sluttdato","rows":[]},{"id":"oncology-treatment-summary/behandlingsoppsummering@Behandlingsoppsummering/hovedbehandling@Hovedbehandling/medikamentell@Medikamentell/medikamentell_behandling@Medikamentell behandling/intervensjonssammendrag/gjennomføringsresultat","rows":[{"cols":[{"width":"100%","children":[{"id":"oncology-treatment-summary/behandlingsoppsummering@Behandlingsoppsummering/hovedbehandling@Hovedbehandling/medikamentell@Medikamentell/medikamentell_behandling@Medikamentell behandling/intervensjonssammendrag/gjennomføringsresultat/value","rows":[]},{"id":"oncology-treatment-summary/behandlingsoppsummering@Behandlingsoppsummering/hovedbehandling@Hovedbehandling/medikamentell@Medikamentell/medikamentell_behandling@Medikamentell behandling/intervensjonssammendrag/gjennomføringsresultat/value2","rows":[]}]}]}]},{"id":"oncology-treatment-summary/behandlingsoppsummering@Behandlingsoppsummering/hovedbehandling@Hovedbehandling/medikamentell@Medikamentell/medikamentell_behandling@Medikamentell behandling/intervensjonssammendrag/begrunnelse_for_gjennomføringsresultat","rows":[]},{"id":"oncology-treatment-summary/behandlingsoppsummering@Behandlingsoppsummering/hovedbehandling@Hovedbehandling/medikamentell@Medikamentell/medikamentell_behandling@Medikamentell behandling/intervensjonssammendrag/terapeutisk_resultat","rows":[]},{"id":"oncology-treatment-summary/behandlingsoppsummering@Behandlingsoppsummering/hovedbehandling@Hovedbehandling/medikamentell@Medikamentell/medikamentell_behandling@Medikamentell behandling/intervensjonssammendrag/begrunnelse_for_terapeutisk_resultat","rows":[]},{"id":"oncology-treatment-summary/behandlingsoppsummering@Behandlingsoppsummering/hovedbehandling@Hovedbehandling/medikamentell@Medikamentell/medikamentell_behandling@Medikamentell behandling/intervensjonssammendrag/sist_oppdatert","rows":[]},{"id":"oncology-treatment-summary/behandlingsoppsummering@Behandlingsoppsummering/hovedbehandling@Hovedbehandling/medikamentell@Medikamentell/medikamentell_behandling@Medikamentell behandling/intervensjonssammendrag/other_participations","rows":[{"cols":[{"width":"100%","children":[{"id":"oncology-treatment-summary/behandlingsoppsummering@Behandlingsoppsummering/hovedbehandling@Hovedbehandling/medikamentell@Medikamentell/medikamentell_behandling@Medikamentell behandling/intervensjonssammendrag/other_participations/function","rows":[]},{"id":"oncology-treatment-summary/behandlingsoppsummering@Behandlingsoppsummering/hovedbehandling@Hovedbehandling/medikamentell@Medikamentell/medikamentell_behandling@Medikamentell behandling/intervensjonssammendrag/other_participations/performer","rows":[]},{"id":"oncology-treatment-summary/behandlingsoppsummering@Behandlingsoppsummering/hovedbehandling@Hovedbehandling/medikamentell@Medikamentell/medikamentell_behandling@Medikamentell behandling/intervensjonssammendrag/other_participations/mode","rows":[]},{"id":"oncology-treatment-summary/behandlingsoppsummering@Behandlingsoppsummering/hovedbehandling@Hovedbehandling/medikamentell@Medikamentell/medikamentell_behandling@Medikamentell behandling/intervensjonssammendrag/other_participations/time","rows":[{"cols":[{"width":"100%","children":[{"id":"oncology-treatment-summary/behandlingsoppsummering@Behandlingsoppsummering/hovedbehandling@Hovedbehandling/medikamentell@Medikamentell/medikamentell_behandling@Medikamentell behandling/intervensjonssammendrag/other_participations/time/upper"},{"id":"oncology-treatment-summary/behandlingsoppsummering@Behandlingsoppsummering/hovedbehandling@Hovedbehandling/medikamentell@Medikamentell/medikamentell_behandling@Medikamentell behandling/intervensjonssammendrag/other_participations/time/lower"}]}]}]}]}]}]},{"id":"oncology-treatment-summary/behandlingsoppsummering@Behandlingsoppsummering/hovedbehandling@Hovedbehandling/medikamentell@Medikamentell/medikamentell_behandling@Medikamentell behandling/intervensjonssammendrag/other_participations/provider","rows":[]}]}]}]},{"id":"oncology-treatment-summary/behandlingsoppsummering@Behandlingsoppsummering/hovedbehandling@Hovedbehandling/medikamentell@Medikamentell/medikamentell_behandling@Medikamentell behandling/legemiddelsammendrag","rows":[{"cols":[{"width":"100%","children":[{"id":"oncology-treatment-summary/behandlingsoppsummering@Behandlingsoppsummering/hovedbehandling@Hovedbehandling/medikamentell@Medikamentell/medikamentell_behandling@Medikamentell behandling/legemiddelsammendrag/navn_på_kur_medikament@Navn på kur/medikament","rows":[]},{"id":"oncology-treatment-summary/behandlingsoppsummering@Behandlingsoppsummering/hovedbehandling@Hovedbehandling/medikamentell@Medikamentell/medikamentell_behandling@Medikamentell behandling/legemiddelsammendrag/periode","rows":[{"cols":[{"width":"100%","children":[{"id":"oncology-treatment-summary/behandlingsoppsummering@Behandlingsoppsummering/hovedbehandling@Hovedbehandling/medikamentell@Medikamentell/medikamentell_behandling@Medikamentell behandling/legemiddelsammendrag/periode/startdato_for_bruk@Startdato for bruk","rows":[]},{"id":"oncology-treatment-summary/behandlingsoppsummering@Behandlingsoppsummering/hovedbehandling@Hovedbehandling/medikamentell@Medikamentell/medikamentell_behandling@Medikamentell behandling/legemiddelsammendrag/periode/kumulativ_mengde@Kumulativ mengde","rows":[{"cols":[{"width":"100%","children":[{"id":"oncology-treatment-summary/behandlingsoppsummering@Behandlingsoppsummering/hovedbehandling@Hovedbehandling/medikamentell@Medikamentell/medikamentell_behandling@Medikamentell behandling/legemiddelsammendrag/periode/kumulativ_mengde@Kumulativ mengde/value","rows":[]},{"id":"oncology-treatment-summary/behandlingsoppsummering@Behandlingsoppsummering/hovedbehandling@Hovedbehandling/medikamentell@Medikamentell/medikamentell_behandling@Medikamentell behandling/legemiddelsammendrag/periode/kumulativ_mengde@Kumulativ mengde/value2","rows":[]}]}]}]},{"id":"oncology-treatment-summary/behandlingsoppsummering@Behandlingsoppsummering/hovedbehandling@Hovedbehandling/medikamentell@Medikamentell/medikamentell_behandling@Medikamentell behandling/legemiddelsammendrag/periode/terapeutisk_anvisning","rows":[{"cols":[{"width":"100%","children":[{"id":"oncology-treatment-summary/behandlingsoppsummering@Behandlingsoppsummering/hovedbehandling@Hovedbehandling/medikamentell@Medikamentell/medikamentell_behandling@Medikamentell behandling/legemiddelsammendrag/periode/terapeutisk_anvisning/antall_administreringer","rows":[{"cols":[{"width":"100%","children":[{"id":"oncology-treatment-summary/behandlingsoppsummering@Behandlingsoppsummering/hovedbehandling@Hovedbehandling/medikamentell@Medikamentell/medikamentell_behandling@Medikamentell behandling/legemiddelsammendrag/periode/terapeutisk_anvisning/antall_administreringer/value","rows":[]},{"id":"oncology-treatment-summary/behandlingsoppsummering@Behandlingsoppsummering/hovedbehandling@Hovedbehandling/medikamentell@Medikamentell/medikamentell_behandling@Medikamentell behandling/legemiddelsammendrag/periode/terapeutisk_anvisning/antall_administreringer/value2","rows":[{"cols":[{"width":"100%","children":[{"id":"oncology-treatment-summary/behandlingsoppsummering@Behandlingsoppsummering/hovedbehandling@Hovedbehandling/medikamentell@Medikamentell/medikamentell_behandling@Medikamentell behandling/legemiddelsammendrag/periode/terapeutisk_anvisning/antall_administreringer/value2/upper"},{"id":"oncology-treatment-summary/behandlingsoppsummering@Behandlingsoppsummering/hovedbehandling@Hovedbehandling/medikamentell@Medikamentell/medikamentell_behandling@Medikamentell behandling/legemiddelsammendrag/periode/terapeutisk_anvisning/antall_administreringer/value2/lower"}]}]}]}]}]}]}]}]}]},{"id":"oncology-treatment-summary/behandlingsoppsummering@Behandlingsoppsummering/hovedbehandling@Hovedbehandling/medikamentell@Medikamentell/medikamentell_behandling@Medikamentell behandling/legemiddelsammendrag/periode/sluttdato_for_bruk@Sluttdato for bruk","rows":[]}]}]}]},{"id":"oncology-treatment-summary/behandlingsoppsummering@Behandlingsoppsummering/hovedbehandling@Hovedbehandling/medikamentell@Medikamentell/medikamentell_behandling@Medikamentell behandling/legemiddelsammendrag/sist_oppdatert","rows":[]},{"id":"oncology-treatment-summary/behandlingsoppsummering@Behandlingsoppsummering/hovedbehandling@Hovedbehandling/medikamentell@Medikamentell/medikamentell_behandling@Medikamentell behandling/legemiddelsammendrag/other_participations","rows":[{"cols":[{"width":"100%","children":[{"id":"oncology-treatment-summary/behandlingsoppsummering@Behandlingsoppsummering/hovedbehandling@Hovedbehandling/medikamentell@Medikamentell/medikamentell_behandling@Medikamentell behandling/legemiddelsammendrag/other_participations/function","rows":[]},{"id":"oncology-treatment-summary/behandlingsoppsummering@Behandlingsoppsummering/hovedbehandling@Hovedbehandling/medikamentell@Medikamentell/medikamentell_behandling@Medikamentell behandling/legemiddelsammendrag/other_participations/performer","rows":[]},{"id":"oncology-treatment-summary/behandlingsoppsummering@Behandlingsoppsummering/hovedbehandling@Hovedbehandling/medikamentell@Medikamentell/medikamentell_behandling@Medikamentell behandling/legemiddelsammendrag/other_participations/mode","rows":[]},{"id":"oncology-treatment-summary/behandlingsoppsummering@Behandlingsoppsummering/hovedbehandling@Hovedbehandling/medikamentell@Medikamentell/medikamentell_behandling@Medikamentell behandling/legemiddelsammendrag/other_participations/time","rows":[{"cols":[{"width":"100%","children":[{"id":"oncology-treatment-summary/behandlingsoppsummering@Behandlingsoppsummering/hovedbehandling@Hovedbehandling/medikamentell@Medikamentell/medikamentell_behandling@Medikamentell behandling/legemiddelsammendrag/other_participations/time/upper"},{"id":"oncology-treatment-summary/behandlingsoppsummering@Behandlingsoppsummering/hovedbehandling@Hovedbehandling/medikamentell@Medikamentell/medikamentell_behandling@Medikamentell behandling/legemiddelsammendrag/other_participations/time/lower"}]}]}]}]}]}]},{"id":"oncology-treatment-summary/behandlingsoppsummering@Behandlingsoppsummering/hovedbehandling@Hovedbehandling/medikamentell@Medikamentell/medikamentell_behandling@Medikamentell behandling/legemiddelsammendrag/other_participations/provider","rows":[]}]}]}]}]}]}]}]}]}]},{"id":"oncology-treatment-summary/behandlingsoppsummering@Behandlingsoppsummering/hovedbehandling@Hovedbehandling/stråleterapi@Stråleterapi","rows":[{"cols":[{"width":"100%","children":[{"id":"oncology-treatment-summary/behandlingsoppsummering@Behandlingsoppsummering/hovedbehandling@Hovedbehandling/stråleterapi@Stråleterapi/intervensjonssammendrag","rows":[{"cols":[{"width":"100%","children":[{"id":"oncology-treatment-summary/behandlingsoppsummering@Behandlingsoppsummering/hovedbehandling@Hovedbehandling/stråleterapi@Stråleterapi/intervensjonssammendrag/intervensjonsnavn","rows":[]},{"id":"oncology-treatment-summary/behandlingsoppsummering@Behandlingsoppsummering/hovedbehandling@Hovedbehandling/stråleterapi@Stråleterapi/intervensjonssammendrag/behandling_for_krefttype@Behandling for krefttype","rows":[]},{"id":"oncology-treatment-summary/behandlingsoppsummering@Behandlingsoppsummering/hovedbehandling@Hovedbehandling/stråleterapi@Stråleterapi/intervensjonssammendrag/intervensjonstype","rows":[]},{"id":"oncology-treatment-summary/behandlingsoppsummering@Behandlingsoppsummering/hovedbehandling@Hovedbehandling/stråleterapi@Stråleterapi/intervensjonssammendrag/beskrivelse_av_stråleintervensjonen@Beskrivelse av stråleintervensjonen","rows":[]},{"id":"oncology-treatment-summary/behandlingsoppsummering@Behandlingsoppsummering/hovedbehandling@Hovedbehandling/stråleterapi@Stråleterapi/intervensjonssammendrag/protokollnavn@Protokollnavn","rows":[]},{"id":"oncology-treatment-summary/behandlingsoppsummering@Behandlingsoppsummering/hovedbehandling@Hovedbehandling/stråleterapi@Stråleterapi/intervensjonssammendrag/klinisk_indikasjon@??Klinisk indikasjon","rows":[]},{"id":"oncology-treatment-summary/behandlingsoppsummering@Behandlingsoppsummering/hovedbehandling@Hovedbehandling/stråleterapi@Stråleterapi/intervensjonssammendrag/terapeutisk_rolle","rows":[]},{"id":"oncology-treatment-summary/behandlingsoppsummering@Behandlingsoppsummering/hovedbehandling@Hovedbehandling/stråleterapi@Stråleterapi/intervensjonssammendrag/dato_første_fraksjon@Dato første fraksjon","rows":[]},{"id":"oncology-treatment-summary/behandlingsoppsummering@Behandlingsoppsummering/hovedbehandling@Hovedbehandling/stråleterapi@Stråleterapi/intervensjonssammendrag/dato_siste_fraksjon@Dato siste fraksjon","rows":[]},{"id":"oncology-treatment-summary/behandlingsoppsummering@Behandlingsoppsummering/hovedbehandling@Hovedbehandling/stråleterapi@Stråleterapi/intervensjonssammendrag/gjennomføringsresultat","rows":[{"cols":[{"width":"100%","children":[{"id":"oncology-treatment-summary/behandlingsoppsummering@Behandlingsoppsummering/hovedbehandling@Hovedbehandling/stråleterapi@Stråleterapi/intervensjonssammendrag/gjennomføringsresultat/value","rows":[]},{"id":"oncology-treatment-summary/behandlingsoppsummering@Behandlingsoppsummering/hovedbehandling@Hovedbehandling/stråleterapi@Stråleterapi/intervensjonssammendrag/gjennomføringsresultat/value2","rows":[]}]}]}]},{"id":"oncology-treatment-summary/behandlingsoppsummering@Behandlingsoppsummering/hovedbehandling@Hovedbehandling/stråleterapi@Stråleterapi/intervensjonssammendrag/begrunnelse_for_gjennomføringsresultat","rows":[]},{"id":"oncology-treatment-summary/behandlingsoppsummering@Behandlingsoppsummering/hovedbehandling@Hovedbehandling/stråleterapi@Stråleterapi/intervensjonssammendrag/anatomisk_lokalisering","rows":[{"cols":[{"width":"100%","children":[{"id":"oncology-treatment-summary/behandlingsoppsummering@Behandlingsoppsummering/hovedbehandling@Hovedbehandling/stråleterapi@Stråleterapi/intervensjonssammendrag/anatomisk_lokalisering/navn_på_kroppssted","rows":[]},{"id":"oncology-treatment-summary/behandlingsoppsummering@Behandlingsoppsummering/hovedbehandling@Hovedbehandling/stråleterapi@Stråleterapi/intervensjonssammendrag/anatomisk_lokalisering/spesifikt_sted","rows":[]},{"id":"oncology-treatment-summary/behandlingsoppsummering@Behandlingsoppsummering/hovedbehandling@Hovedbehandling/stråleterapi@Stråleterapi/intervensjonssammendrag/anatomisk_lokalisering/kroppsside","rows":[]}]}]}]},{"id":"oncology-treatment-summary/behandlingsoppsummering@Behandlingsoppsummering/hovedbehandling@Hovedbehandling/stråleterapi@Stråleterapi/intervensjonssammendrag/sist_oppdatert","rows":[]},{"id":"oncology-treatment-summary/behandlingsoppsummering@Behandlingsoppsummering/hovedbehandling@Hovedbehandling/stråleterapi@Stråleterapi/intervensjonssammendrag/stråleterapi_course_id@Stråleterapi course ID","rows":[]},{"id":"oncology-treatment-summary/behandlingsoppsummering@Behandlingsoppsummering/hovedbehandling@Hovedbehandling/stråleterapi@Stråleterapi/intervensjonssammendrag/other_participations","rows":[{"cols":[{"width":"100%","children":[{"id":"oncology-treatment-summary/behandlingsoppsummering@Behandlingsoppsummering/hovedbehandling@Hovedbehandling/stråleterapi@Stråleterapi/intervensjonssammendrag/other_participations/function","rows":[]},{"id":"oncology-treatment-summary/behandlingsoppsummering@Behandlingsoppsummering/hovedbehandling@Hovedbehandling/stråleterapi@Stråleterapi/intervensjonssammendrag/other_participations/performer","rows":[]},{"id":"oncology-treatment-summary/behandlingsoppsummering@Behandlingsoppsummering/hovedbehandling@Hovedbehandling/stråleterapi@Stråleterapi/intervensjonssammendrag/other_participations/mode","rows":[]},{"id":"oncology-treatment-summary/behandlingsoppsummering@Behandlingsoppsummering/hovedbehandling@Hovedbehandling/stråleterapi@Stråleterapi/intervensjonssammendrag/other_participations/time","rows":[{"cols":[{"width":"100%","children":[{"id":"oncology-treatment-summary/behandlingsoppsummering@Behandlingsoppsummering/hovedbehandling@Hovedbehandling/stråleterapi@Stråleterapi/intervensjonssammendrag/other_participations/time/upper"},{"id":"oncology-treatment-summary/behandlingsoppsummering@Behandlingsoppsummering/hovedbehandling@Hovedbehandling/stråleterapi@Stråleterapi/intervensjonssammendrag/other_participations/time/lower"}]}]}]}]}]}]},{"id":"oncology-treatment-summary/behandlingsoppsummering@Behandlingsoppsummering/hovedbehandling@Hovedbehandling/stråleterapi@Stråleterapi/intervensjonssammendrag/other_participations/provider","rows":[]}]}]}]}]}]}]}]}]}]},{"id":"oncology-treatment-summary/behandlingsoppsummering@Behandlingsoppsummering/tilleggsbehandling@Tilleggsbehandling","rows":[{"cols":[{"width":"100%","children":[{"id":"oncology-treatment-summary/behandlingsoppsummering@Behandlingsoppsummering/tilleggsbehandling@Tilleggsbehandling/invasiv_prosedyre@Invasiv prosedyre","rows":[{"cols":[{"width":"100%","children":[{"id":"oncology-treatment-summary/behandlingsoppsummering@Behandlingsoppsummering/tilleggsbehandling@Tilleggsbehandling/invasiv_prosedyre@Invasiv prosedyre/intervensjonssammendrag","rows":[{"cols":[{"width":"100%","children":[{"id":"oncology-treatment-summary/behandlingsoppsummering@Behandlingsoppsummering/tilleggsbehandling@Tilleggsbehandling/invasiv_prosedyre@Invasiv prosedyre/intervensjonssammendrag/intervensjonsnavn","rows":[]},{"id":"oncology-treatment-summary/behandlingsoppsummering@Behandlingsoppsummering/tilleggsbehandling@Tilleggsbehandling/invasiv_prosedyre@Invasiv prosedyre/intervensjonssammendrag/behandling_for_krefttype@Behandling for krefttype","rows":[]},{"id":"oncology-treatment-summary/behandlingsoppsummering@Behandlingsoppsummering/tilleggsbehandling@Tilleggsbehandling/invasiv_prosedyre@Invasiv prosedyre/intervensjonssammendrag/intervensjonstype","rows":[]},{"id":"oncology-treatment-summary/behandlingsoppsummering@Behandlingsoppsummering/tilleggsbehandling@Tilleggsbehandling/invasiv_prosedyre@Invasiv prosedyre/intervensjonssammendrag/beskrivelse","rows":[]},{"id":"oncology-treatment-summary/behandlingsoppsummering@Behandlingsoppsummering/tilleggsbehandling@Tilleggsbehandling/invasiv_prosedyre@Invasiv prosedyre/intervensjonssammendrag/protokollnavn@Protokollnavn","rows":[]},{"id":"oncology-treatment-summary/behandlingsoppsummering@Behandlingsoppsummering/tilleggsbehandling@Tilleggsbehandling/invasiv_prosedyre@Invasiv prosedyre/intervensjonssammendrag/terapeutisk_rolle","rows":[]},{"id":"oncology-treatment-summary/behandlingsoppsummering@Behandlingsoppsummering/tilleggsbehandling@Tilleggsbehandling/invasiv_prosedyre@Invasiv prosedyre/intervensjonssammendrag/intervensjonsdato@Intervensjonsdato","rows":[]},{"id":"oncology-treatment-summary/behandlingsoppsummering@Behandlingsoppsummering/tilleggsbehandling@Tilleggsbehandling/invasiv_prosedyre@Invasiv prosedyre/intervensjonssammendrag/anatomisk_lokalisering","rows":[{"cols":[{"width":"100%","children":[{"id":"oncology-treatment-summary/behandlingsoppsummering@Behandlingsoppsummering/tilleggsbehandling@Tilleggsbehandling/invasiv_prosedyre@Invasiv prosedyre/intervensjonssammendrag/anatomisk_lokalisering/navn_på_kroppssted","rows":[]},{"id":"oncology-treatment-summary/behandlingsoppsummering@Behandlingsoppsummering/tilleggsbehandling@Tilleggsbehandling/invasiv_prosedyre@Invasiv prosedyre/intervensjonssammendrag/anatomisk_lokalisering/spesifikt_sted","rows":[]},{"id":"oncology-treatment-summary/behandlingsoppsummering@Behandlingsoppsummering/tilleggsbehandling@Tilleggsbehandling/invasiv_prosedyre@Invasiv prosedyre/intervensjonssammendrag/anatomisk_lokalisering/kroppsside","rows":[]}]}]}]},{"id":"oncology-treatment-summary/behandlingsoppsummering@Behandlingsoppsummering/tilleggsbehandling@Tilleggsbehandling/invasiv_prosedyre@Invasiv prosedyre/intervensjonssammendrag/kommentar","rows":[]},{"id":"oncology-treatment-summary/behandlingsoppsummering@Behandlingsoppsummering/tilleggsbehandling@Tilleggsbehandling/invasiv_prosedyre@Invasiv prosedyre/intervensjonssammendrag/sist_oppdatert","rows":[]},{"id":"oncology-treatment-summary/behandlingsoppsummering@Behandlingsoppsummering/tilleggsbehandling@Tilleggsbehandling/invasiv_prosedyre@Invasiv prosedyre/intervensjonssammendrag/other_participations","rows":[{"cols":[{"width":"100%","children":[{"id":"oncology-treatment-summary/behandlingsoppsummering@Behandlingsoppsummering/tilleggsbehandling@Tilleggsbehandling/invasiv_prosedyre@Invasiv prosedyre/intervensjonssammendrag/other_participations/function","rows":[]},{"id":"oncology-treatment-summary/behandlingsoppsummering@Behandlingsoppsummering/tilleggsbehandling@Tilleggsbehandling/invasiv_prosedyre@Invasiv prosedyre/intervensjonssammendrag/other_participations/performer","rows":[]},{"id":"oncology-treatment-summary/behandlingsoppsummering@Behandlingsoppsummering/tilleggsbehandling@Tilleggsbehandling/invasiv_prosedyre@Invasiv prosedyre/intervensjonssammendrag/other_participations/mode","rows":[]},{"id":"oncology-treatment-summary/behandlingsoppsummering@Behandlingsoppsummering/tilleggsbehandling@Tilleggsbehandling/invasiv_prosedyre@Invasiv prosedyre/intervensjonssammendrag/other_participations/time","rows":[{"cols":[{"width":"100%","children":[{"id":"oncology-treatment-summary/behandlingsoppsummering@Behandlingsoppsummering/tilleggsbehandling@Tilleggsbehandling/invasiv_prosedyre@Invasiv prosedyre/intervensjonssammendrag/other_participations/time/upper"},{"id":"oncology-treatment-summary/behandlingsoppsummering@Behandlingsoppsummering/tilleggsbehandling@Tilleggsbehandling/invasiv_prosedyre@Invasiv prosedyre/intervensjonssammendrag/other_participations/time/lower"}]}]}]}]}]}]},{"id":"oncology-treatment-summary/behandlingsoppsummering@Behandlingsoppsummering/tilleggsbehandling@Tilleggsbehandling/invasiv_prosedyre@Invasiv prosedyre/intervensjonssammendrag/other_participations/provider","rows":[]}]}]}]}]}]}]},{"id":"oncology-treatment-summary/behandlingsoppsummering@Behandlingsoppsummering/tilleggsbehandling@Tilleggsbehandling/medikamentell@Medikamentell","rows":[{"cols":[{"width":"100%","children":[{"id":"oncology-treatment-summary/behandlingsoppsummering@Behandlingsoppsummering/tilleggsbehandling@Tilleggsbehandling/medikamentell@Medikamentell/medikamentell_behandling@Medikamentell behandling","rows":[{"cols":[{"width":"100%","children":[{"id":"oncology-treatment-summary/behandlingsoppsummering@Behandlingsoppsummering/tilleggsbehandling@Tilleggsbehandling/medikamentell@Medikamentell/medikamentell_behandling@Medikamentell behandling/intervensjonssammendrag","rows":[{"cols":[{"width":"100%","children":[{"id":"oncology-treatment-summary/behandlingsoppsummering@Behandlingsoppsummering/tilleggsbehandling@Tilleggsbehandling/medikamentell@Medikamentell/medikamentell_behandling@Medikamentell behandling/intervensjonssammendrag/intervensjonsnavn","rows":[]},{"id":"oncology-treatment-summary/behandlingsoppsummering@Behandlingsoppsummering/tilleggsbehandling@Tilleggsbehandling/medikamentell@Medikamentell/medikamentell_behandling@Medikamentell behandling/intervensjonssammendrag/behandling_for_krefttype@Behandling for krefttype","rows":[]},{"id":"oncology-treatment-summary/behandlingsoppsummering@Behandlingsoppsummering/tilleggsbehandling@Tilleggsbehandling/medikamentell@Medikamentell/medikamentell_behandling@Medikamentell behandling/intervensjonssammendrag/intervensjonstype","rows":[]},{"id":"oncology-treatment-summary/behandlingsoppsummering@Behandlingsoppsummering/tilleggsbehandling@Tilleggsbehandling/medikamentell@Medikamentell/medikamentell_behandling@Medikamentell behandling/intervensjonssammendrag/beskrivelse","rows":[]},{"id":"oncology-treatment-summary/behandlingsoppsummering@Behandlingsoppsummering/tilleggsbehandling@Tilleggsbehandling/medikamentell@Medikamentell/medikamentell_behandling@Medikamentell behandling/intervensjonssammendrag/protokollnavn@Protokollnavn","rows":[]},{"id":"oncology-treatment-summary/behandlingsoppsummering@Behandlingsoppsummering/tilleggsbehandling@Tilleggsbehandling/medikamentell@Medikamentell/medikamentell_behandling@Medikamentell behandling/intervensjonssammendrag/terapeutisk_rolle","rows":[]},{"id":"oncology-treatment-summary/behandlingsoppsummering@Behandlingsoppsummering/tilleggsbehandling@Tilleggsbehandling/medikamentell@Medikamentell/medikamentell_behandling@Medikamentell behandling/intervensjonssammendrag/startdato","rows":[]},{"id":"oncology-treatment-summary/behandlingsoppsummering@Behandlingsoppsummering/tilleggsbehandling@Tilleggsbehandling/medikamentell@Medikamentell/medikamentell_behandling@Medikamentell behandling/intervensjonssammendrag/sluttdato","rows":[]},{"id":"oncology-treatment-summary/behandlingsoppsummering@Behandlingsoppsummering/tilleggsbehandling@Tilleggsbehandling/medikamentell@Medikamentell/medikamentell_behandling@Medikamentell behandling/intervensjonssammendrag/gjennomføringsresultat","rows":[{"cols":[{"width":"100%","children":[{"id":"oncology-treatment-summary/behandlingsoppsummering@Behandlingsoppsummering/tilleggsbehandling@Tilleggsbehandling/medikamentell@Medikamentell/medikamentell_behandling@Medikamentell behandling/intervensjonssammendrag/gjennomføringsresultat/value","rows":[]},{"id":"oncology-treatment-summary/behandlingsoppsummering@Behandlingsoppsummering/tilleggsbehandling@Tilleggsbehandling/medikamentell@Medikamentell/medikamentell_behandling@Medikamentell behandling/intervensjonssammendrag/gjennomføringsresultat/value2","rows":[]}]}]}]},{"id":"oncology-treatment-summary/behandlingsoppsummering@Behandlingsoppsummering/tilleggsbehandling@Tilleggsbehandling/medikamentell@Medikamentell/medikamentell_behandling@Medikamentell behandling/intervensjonssammendrag/begrunnelse_for_gjennomføringsresultat","rows":[]},{"id":"oncology-treatment-summary/behandlingsoppsummering@Behandlingsoppsummering/tilleggsbehandling@Tilleggsbehandling/medikamentell@Medikamentell/medikamentell_behandling@Medikamentell behandling/intervensjonssammendrag/sist_oppdatert","rows":[]},{"id":"oncology-treatment-summary/behandlingsoppsummering@Behandlingsoppsummering/tilleggsbehandling@Tilleggsbehandling/medikamentell@Medikamentell/medikamentell_behandling@Medikamentell behandling/intervensjonssammendrag/other_participations","rows":[{"cols":[{"width":"100%","children":[{"id":"oncology-treatment-summary/behandlingsoppsummering@Behandlingsoppsummering/tilleggsbehandling@Tilleggsbehandling/medikamentell@Medikamentell/medikamentell_behandling@Medikamentell behandling/intervensjonssammendrag/other_participations/function","rows":[]},{"id":"oncology-treatment-summary/behandlingsoppsummering@Behandlingsoppsummering/tilleggsbehandling@Tilleggsbehandling/medikamentell@Medikamentell/medikamentell_behandling@Medikamentell behandling/intervensjonssammendrag/other_participations/performer","rows":[]},{"id":"oncology-treatment-summary/behandlingsoppsummering@Behandlingsoppsummering/tilleggsbehandling@Tilleggsbehandling/medikamentell@Medikamentell/medikamentell_behandling@Medikamentell behandling/intervensjonssammendrag/other_participations/mode","rows":[]},{"id":"oncology-treatment-summary/behandlingsoppsummering@Behandlingsoppsummering/tilleggsbehandling@Tilleggsbehandling/medikamentell@Medikamentell/medikamentell_behandling@Medikamentell behandling/intervensjonssammendrag/other_participations/time","rows":[{"cols":[{"width":"100%","children":[{"id":"oncology-treatment-summary/behandlingsoppsummering@Behandlingsoppsummering/tilleggsbehandling@Tilleggsbehandling/medikamentell@Medikamentell/medikamentell_behandling@Medikamentell behandling/intervensjonssammendrag/other_participations/time/upper"},{"id":"oncology-treatment-summary/behandlingsoppsummering@Behandlingsoppsummering/tilleggsbehandling@Tilleggsbehandling/medikamentell@Medikamentell/medikamentell_behandling@Medikamentell behandling/intervensjonssammendrag/other_participations/time/lower"}]}]}]}]}]}]},{"id":"oncology-treatment-summary/behandlingsoppsummering@Behandlingsoppsummering/tilleggsbehandling@Tilleggsbehandling/medikamentell@Medikamentell/medikamentell_behandling@Medikamentell behandling/intervensjonssammendrag/other_participations/provider","rows":[]}]}]}]},{"id":"oncology-treatment-summary/behandlingsoppsummering@Behandlingsoppsummering/tilleggsbehandling@Tilleggsbehandling/medikamentell@Medikamentell/medikamentell_behandling@Medikamentell behandling/legemiddelsammendrag","rows":[{"cols":[{"width":"100%","children":[{"id":"oncology-treatment-summary/behandlingsoppsummering@Behandlingsoppsummering/tilleggsbehandling@Tilleggsbehandling/medikamentell@Medikamentell/medikamentell_behandling@Medikamentell behandling/legemiddelsammendrag/navn_på_kur_medikament@Navn på kur/medikament","rows":[]},{"id":"oncology-treatment-summary/behandlingsoppsummering@Behandlingsoppsummering/tilleggsbehandling@Tilleggsbehandling/medikamentell@Medikamentell/medikamentell_behandling@Medikamentell behandling/legemiddelsammendrag/periode","rows":[{"cols":[{"width":"100%","children":[{"id":"oncology-treatment-summary/behandlingsoppsummering@Behandlingsoppsummering/tilleggsbehandling@Tilleggsbehandling/medikamentell@Medikamentell/medikamentell_behandling@Medikamentell behandling/legemiddelsammendrag/periode/startdato_for_bruk@Startdato for bruk","rows":[]},{"id":"oncology-treatment-summary/behandlingsoppsummering@Behandlingsoppsummering/tilleggsbehandling@Tilleggsbehandling/medikamentell@Medikamentell/medikamentell_behandling@Medikamentell behandling/legemiddelsammendrag/periode/kumulativ_mengde@Kumulativ mengde","rows":[{"cols":[{"width":"100%","children":[{"id":"oncology-treatment-summary/behandlingsoppsummering@Behandlingsoppsummering/tilleggsbehandling@Tilleggsbehandling/medikamentell@Medikamentell/medikamentell_behandling@Medikamentell behandling/legemiddelsammendrag/periode/kumulativ_mengde@Kumulativ mengde/value","rows":[]},{"id":"oncology-treatment-summary/behandlingsoppsummering@Behandlingsoppsummering/tilleggsbehandling@Tilleggsbehandling/medikamentell@Medikamentell/medikamentell_behandling@Medikamentell behandling/legemiddelsammendrag/periode/kumulativ_mengde@Kumulativ mengde/value2","rows":[]}]}]}]},{"id":"oncology-treatment-summary/behandlingsoppsummering@Behandlingsoppsummering/tilleggsbehandling@Tilleggsbehandling/medikamentell@Medikamentell/medikamentell_behandling@Medikamentell behandling/legemiddelsammendrag/periode/terapeutisk_anvisning","rows":[{"cols":[{"width":"100%","children":[{"id":"oncology-treatment-summary/behandlingsoppsummering@Behandlingsoppsummering/tilleggsbehandling@Tilleggsbehandling/medikamentell@Medikamentell/medikamentell_behandling@Medikamentell behandling/legemiddelsammendrag/periode/terapeutisk_anvisning/antall_administreringer","rows":[{"cols":[{"width":"100%","children":[{"id":"oncology-treatment-summary/behandlingsoppsummering@Behandlingsoppsummering/tilleggsbehandling@Tilleggsbehandling/medikamentell@Medikamentell/medikamentell_behandling@Medikamentell behandling/legemiddelsammendrag/periode/terapeutisk_anvisning/antall_administreringer/value","rows":[]},{"id":"oncology-treatment-summary/behandlingsoppsummering@Behandlingsoppsummering/tilleggsbehandling@Tilleggsbehandling/medikamentell@Medikamentell/medikamentell_behandling@Medikamentell behandling/legemiddelsammendrag/periode/terapeutisk_anvisning/antall_administreringer/value2","rows":[{"cols":[{"width":"100%","children":[{"id":"oncology-treatment-summary/behandlingsoppsummering@Behandlingsoppsummering/tilleggsbehandling@Tilleggsbehandling/medikamentell@Medikamentell/medikamentell_behandling@Medikamentell behandling/legemiddelsammendrag/periode/terapeutisk_anvisning/antall_administreringer/value2/upper"},{"id":"oncology-treatment-summary/behandlingsoppsummering@Behandlingsoppsummering/tilleggsbehandling@Tilleggsbehandling/medikamentell@Medikamentell/medikamentell_behandling@Medikamentell behandling/legemiddelsammendrag/periode/terapeutisk_anvisning/antall_administreringer/value2/lower"}]}]}]}]}]}]}]}]}]},{"id":"oncology-treatment-summary/behandlingsoppsummering@Behandlingsoppsummering/tilleggsbehandling@Tilleggsbehandling/medikamentell@Medikamentell/medikamentell_behandling@Medikamentell behandling/legemiddelsammendrag/periode/sluttdato_for_bruk@Sluttdato for bruk","rows":[]}]}]}]},{"id":"oncology-treatment-summary/behandlingsoppsummering@Behandlingsoppsummering/tilleggsbehandling@Tilleggsbehandling/medikamentell@Medikamentell/medikamentell_behandling@Medikamentell behandling/legemiddelsammendrag/sist_oppdatert","rows":[]},{"id":"oncology-treatment-summary/behandlingsoppsummering@Behandlingsoppsummering/tilleggsbehandling@Tilleggsbehandling/medikamentell@Medikamentell/medikamentell_behandling@Medikamentell behandling/legemiddelsammendrag/other_participations","rows":[{"cols":[{"width":"100%","children":[{"id":"oncology-treatment-summary/behandlingsoppsummering@Behandlingsoppsummering/tilleggsbehandling@Tilleggsbehandling/medikamentell@Medikamentell/medikamentell_behandling@Medikamentell behandling/legemiddelsammendrag/other_participations/function","rows":[]},{"id":"oncology-treatment-summary/behandlingsoppsummering@Behandlingsoppsummering/tilleggsbehandling@Tilleggsbehandling/medikamentell@Medikamentell/medikamentell_behandling@Medikamentell behandling/legemiddelsammendrag/other_participations/performer","rows":[]},{"id":"oncology-treatment-summary/behandlingsoppsummering@Behandlingsoppsummering/tilleggsbehandling@Tilleggsbehandling/medikamentell@Medikamentell/medikamentell_behandling@Medikamentell behandling/legemiddelsammendrag/other_participations/mode","rows":[]},{"id":"oncology-treatment-summary/behandlingsoppsummering@Behandlingsoppsummering/tilleggsbehandling@Tilleggsbehandling/medikamentell@Medikamentell/medikamentell_behandling@Medikamentell behandling/legemiddelsammendrag/other_participations/time","rows":[{"cols":[{"width":"100%","children":[{"id":"oncology-treatment-summary/behandlingsoppsummering@Behandlingsoppsummering/tilleggsbehandling@Tilleggsbehandling/medikamentell@Medikamentell/medikamentell_behandling@Medikamentell behandling/legemiddelsammendrag/other_participations/time/upper"},{"id":"oncology-treatment-summary/behandlingsoppsummering@Behandlingsoppsummering/tilleggsbehandling@Tilleggsbehandling/medikamentell@Medikamentell/medikamentell_behandling@Medikamentell behandling/legemiddelsammendrag/other_participations/time/lower"}]}]}]}]}]}]},{"id":"oncology-treatment-summary/behandlingsoppsummering@Behandlingsoppsummering/tilleggsbehandling@Tilleggsbehandling/medikamentell@Medikamentell/medikamentell_behandling@Medikamentell behandling/legemiddelsammendrag/other_participations/provider","rows":[]}]}]}]}]}]}]}]}]}]},{"id":"oncology-treatment-summary/behandlingsoppsummering@Behandlingsoppsummering/tilleggsbehandling@Tilleggsbehandling/stråleterapi@Stråleterapi","rows":[{"cols":[{"width":"100%","children":[{"id":"oncology-treatment-summary/behandlingsoppsummering@Behandlingsoppsummering/tilleggsbehandling@Tilleggsbehandling/stråleterapi@Stråleterapi/intervensjonssammendrag","rows":[{"cols":[{"width":"100%","children":[{"id":"oncology-treatment-summary/behandlingsoppsummering@Behandlingsoppsummering/tilleggsbehandling@Tilleggsbehandling/stråleterapi@Stråleterapi/intervensjonssammendrag/intervensjonsnavn","rows":[]},{"id":"oncology-treatment-summary/behandlingsoppsummering@Behandlingsoppsummering/tilleggsbehandling@Tilleggsbehandling/stråleterapi@Stråleterapi/intervensjonssammendrag/behandling_for_krefttype@Behandling for krefttype","rows":[]},{"id":"oncology-treatment-summary/behandlingsoppsummering@Behandlingsoppsummering/tilleggsbehandling@Tilleggsbehandling/stråleterapi@Stråleterapi/intervensjonssammendrag/intervensjonstype","rows":[]},{"id":"oncology-treatment-summary/behandlingsoppsummering@Behandlingsoppsummering/tilleggsbehandling@Tilleggsbehandling/stråleterapi@Stråleterapi/intervensjonssammendrag/beskrivelse_av_stråleintervensjonen@Beskrivelse av stråleintervensjonen","rows":[]},{"id":"oncology-treatment-summary/behandlingsoppsummering@Behandlingsoppsummering/tilleggsbehandling@Tilleggsbehandling/stråleterapi@Stråleterapi/intervensjonssammendrag/protokollnavn@Protokollnavn","rows":[]},{"id":"oncology-treatment-summary/behandlingsoppsummering@Behandlingsoppsummering/tilleggsbehandling@Tilleggsbehandling/stråleterapi@Stråleterapi/intervensjonssammendrag/terapeutisk_rolle","rows":[]},{"id":"oncology-treatment-summary/behandlingsoppsummering@Behandlingsoppsummering/tilleggsbehandling@Tilleggsbehandling/stråleterapi@Stråleterapi/intervensjonssammendrag/dato_første_fraksjon@Dato første fraksjon","rows":[]},{"id":"oncology-treatment-summary/behandlingsoppsummering@Behandlingsoppsummering/tilleggsbehandling@Tilleggsbehandling/stråleterapi@Stråleterapi/intervensjonssammendrag/dato_siste_fraksjon@Dato siste fraksjon","rows":[]},{"id":"oncology-treatment-summary/behandlingsoppsummering@Behandlingsoppsummering/tilleggsbehandling@Tilleggsbehandling/stråleterapi@Stråleterapi/intervensjonssammendrag/gjennomføringsresultat","rows":[{"cols":[{"width":"100%","children":[{"id":"oncology-treatment-summary/behandlingsoppsummering@Behandlingsoppsummering/tilleggsbehandling@Tilleggsbehandling/stråleterapi@Stråleterapi/intervensjonssammendrag/gjennomføringsresultat/value","rows":[]},{"id":"oncology-treatment-summary/behandlingsoppsummering@Behandlingsoppsummering/tilleggsbehandling@Tilleggsbehandling/stråleterapi@Stråleterapi/intervensjonssammendrag/gjennomføringsresultat/value2","rows":[]}]}]}]},{"id":"oncology-treatment-summary/behandlingsoppsummering@Behandlingsoppsummering/tilleggsbehandling@Tilleggsbehandling/stråleterapi@Stråleterapi/intervensjonssammendrag/begrunnelse_for_gjennomføringsresultat","rows":[]},{"id":"oncology-treatment-summary/behandlingsoppsummering@Behandlingsoppsummering/tilleggsbehandling@Tilleggsbehandling/stråleterapi@Stråleterapi/intervensjonssammendrag/anatomisk_lokalisering","rows":[{"cols":[{"width":"100%","children":[{"id":"oncology-treatment-summary/behandlingsoppsummering@Behandlingsoppsummering/tilleggsbehandling@Tilleggsbehandling/stråleterapi@Stråleterapi/intervensjonssammendrag/anatomisk_lokalisering/navn_på_kroppssted","rows":[]},{"id":"oncology-treatment-summary/behandlingsoppsummering@Behandlingsoppsummering/tilleggsbehandling@Tilleggsbehandling/stråleterapi@Stråleterapi/intervensjonssammendrag/anatomisk_lokalisering/spesifikt_sted","rows":[]},{"id":"oncology-treatment-summary/behandlingsoppsummering@Behandlingsoppsummering/tilleggsbehandling@Tilleggsbehandling/stråleterapi@Stråleterapi/intervensjonssammendrag/anatomisk_lokalisering/kroppsside","rows":[]}]}]}]},{"id":"oncology-treatment-summary/behandlingsoppsummering@Behandlingsoppsummering/tilleggsbehandling@Tilleggsbehandling/stråleterapi@Stråleterapi/intervensjonssammendrag/sist_oppdatert","rows":[]},{"id":"oncology-treatment-summary/behandlingsoppsummering@Behandlingsoppsummering/tilleggsbehandling@Tilleggsbehandling/stråleterapi@Stråleterapi/intervensjonssammendrag/stråleterapi_course_id@Stråleterapi course ID","rows":[]},{"id":"oncology-treatment-summary/behandlingsoppsummering@Behandlingsoppsummering/tilleggsbehandling@Tilleggsbehandling/stråleterapi@Stråleterapi/intervensjonssammendrag/other_participations","rows":[{"cols":[{"width":"100%","children":[{"id":"oncology-treatment-summary/behandlingsoppsummering@Behandlingsoppsummering/tilleggsbehandling@Tilleggsbehandling/stråleterapi@Stråleterapi/intervensjonssammendrag/other_participations/function","rows":[]},{"id":"oncology-treatment-summary/behandlingsoppsummering@Behandlingsoppsummering/tilleggsbehandling@Tilleggsbehandling/stråleterapi@Stråleterapi/intervensjonssammendrag/other_participations/performer","rows":[]},{"id":"oncology-treatment-summary/behandlingsoppsummering@Behandlingsoppsummering/tilleggsbehandling@Tilleggsbehandling/stråleterapi@Stråleterapi/intervensjonssammendrag/other_participations/mode","rows":[]},{"id":"oncology-treatment-summary/behandlingsoppsummering@Behandlingsoppsummering/tilleggsbehandling@Tilleggsbehandling/stråleterapi@Stråleterapi/intervensjonssammendrag/other_participations/time","rows":[{"cols":[{"width":"100%","children":[{"id":"oncology-treatment-summary/behandlingsoppsummering@Behandlingsoppsummering/tilleggsbehandling@Tilleggsbehandling/stråleterapi@Stråleterapi/intervensjonssammendrag/other_participations/time/upper"},{"id":"oncology-treatment-summary/behandlingsoppsummering@Behandlingsoppsummering/tilleggsbehandling@Tilleggsbehandling/stråleterapi@Stråleterapi/intervensjonssammendrag/other_participations/time/lower"}]}]}]}]}]}]},{"id":"oncology-treatment-summary/behandlingsoppsummering@Behandlingsoppsummering/tilleggsbehandling@Tilleggsbehandling/stråleterapi@Stråleterapi/intervensjonssammendrag/other_participations/provider","rows":[]}]}]}]}]}]}]}]}]}]}]}]}]}]}]}]}]}]